userId,movieId,rating,timestamp
1,110,4.0,964982176
1,260,5.0,964981680
1,296,3.0,964982967
1,356,4.0,964980962
1,480,4.0,964982346
1,527,5.0,964984002
1,593,4.0,964983793
1,2571,5.0,964981888
2,318,3.0,1445714835
3,527,0.5,1306464275
4,260,5.0,945079259
4,296,1.0,945173350
4,593,5.0,964539986
4,2571,1.0,945173385
5,110,4.0,847434880
5,296,5.0,847434748
5,318,3.0,847434880
5,527,5.0,847434960
5,589,3.0,847435258
6,110,5.0,845553283
6,296,2.0,845553110
6,318,5.0,845553200
6,356,5.0,845553200
6,480,5.0,845553200
6,527,3.0,845553426
6,589,3.0,845553317
6,593,4.0,845553174
7,260,5.0,1106635933
7,356,5.0,1106635915
7,480,5.0,1106635917
7,589,2.5,1106635940
7,593,5.0,1106635912
8,110,3.0,839463527
8,296,4.0,839463422
8,318,5.0,839463489
8,356,3.0,839463527
8,480,4.0,839463527
8,527,5.0,839463728
8,593,4.0,839463470
10,296,1.0,1455303387
10,356,3.5,1455301685
10,2571,0.5,1455356378
11,110,5.0,902154266
11,318,4.0,902155070
11,356,5.0,901200263
11,480,4.0,902154383
11,589,4.0,902154266
11,593,5.0,902155102
13,2571,5.0,987457007
14,110,5.0,835441107
14,296,3.0,835440978
14,318,3.0,835441042
14,356,4.0,835441239
14,480,3.0,835441262
14,527,3.0,835441371
14,593,4.0,835441086
15,260,5.0,1510571946
15,296,4.0,1510571877
15,318,5.0,1510571866
15,356,5.0,1510571873
15,527,5.0,1510571982
15,589,5.0,1510572012
15,2571,4.0,1510571744
16,260,3.0,1377476936
16,296,3.0,1377477302
16,318,4.0,1377476766
16,356,3.5,1377477951
16,527,4.0,1377476787
16,593,3.0,1377476977
16,2571,3.5,1377476921
17,110,4.5,1305696470
17,260,5.0,1305696468
17,296,5.0,1305696455
17,318,5.0,1305696465
17,356,5.0,1305696457
17,480,4.5,1305696463
17,527,4.5,1305696664
17,589,4.5,1305696475
17,593,4.5,1305696461
17,2571,5.0,1305696756
18,110,4.5,1455050170
18,260,4.0,1455049368
18,296,4.0,1455050745
18,318,5.0,1455049328
18,356,4.5,1455050112
18,480,3.5,1455209811
18,527,4.5,1455050006
18,589,4.5,1455209793
18,593,4.5,1455050067
18,2571,4.5,1455209654
19,260,4.0,965704248
19,356,2.0,965706045
19,480,2.0,965703785
19,589,5.0,965710720
19,2571,4.0,965703605
21,260,4.5,1417378080
21,296,3.5,1500701533
21,356,4.5,1407617845
21,480,4.0,1418063303
21,589,3.5,1418846818
21,2571,4.0,1412967844
22,318,5.0,1268726193
22,356,5.0,1268726309
23,296,3.5,1107163773
24,296,4.0,1458942020
24,318,4.5,1458941989
24,356,4.5,1458940987
24,593,4.5,1458941983
24,2571,4.0,1458941533
25,260,5.0,1535470429
25,527,5.0,1535470432
25,2571,5.0,1535470427
26,296,4.0,836950245
26,356,3.0,836950483
26,593,4.0,836950379
27,260,4.0,962686637
27,356,5.0,965149932
27,480,4.0,962685912
28,110,3.5,1234515793
28,260,4.0,1234338579
28,296,4.5,1234338046
28,318,3.5,1234338000
28,356,4.0,1243837724
28,480,2.5,1234515708
28,527,3.0,1234570054
28,589,4.5,1234515689
28,593,2.5,1234570144
28,2571,4.0,1234338350
29,296,3.5,1362016789
29,318,4.5,1307907071
29,356,4.5,1362016780
30,110,5.0,1500370456
30,260,5.0,1500370339
30,318,5.0,1500370344
30,589,3.5,1500370430
30,2571,5.0,1500370345
32,260,5.0,856736227
32,296,5.0,856737001
32,318,5.0,856737003
32,527,4.0,856737205
32,593,5.0,856737081
33,110,5.0,939648134
33,296,5.0,939717613
33,318,4.0,939716778
33,356,5.0,939654815
33,527,5.0,939716661
33,589,4.0,939647370
33,593,5.0,939647370
33,2571,5.0,939646784
34,110,0.5,1162049056
34,318,4.0,1162050357
34,356,4.0,1162049069
34,589,3.5,1163954746
34,2571,3.0,1162048690
36,318,4.0,1100804003
37,296,5.0,845239388
37,318,4.0,845239483
37,356,4.0,845239483
37,593,5.0,845239426
38,110,5.0,841341295
38,296,3.0,841341163
38,318,5.0,841341249
38,356,3.0,841341271
38,480,3.0,841341296
38,527,5.0,841341405
38,593,3.0,841341220
39,260,5.0,974787510
39,296,5.0,974789540
39,589,4.0,974788030
39,593,5.0,974788030
39,2571,5.0,974787586
40,110,4.0,832059053
40,296,5.0,832058854
40,318,5.0,832058930
41,296,5.0,1458933695
41,356,2.0,1459367500
41,593,4.0,1458933734
41,2571,2.0,1459367665
42,110,4.0,996217933
42,260,5.0,996261559
42,296,5.0,996214107
42,318,4.0,996217804
42,356,5.0,996218222
42,527,4.0,996217804
42,593,5.0,996217838
42,2571,5.0,996214210
43,110,3.0,848993747
43,296,3.0,848993627
43,318,4.0,848993718
43,356,5.0,848993693
43,480,4.0,848993719
43,589,5.0,848993769
44,260,5.0,869251910
45,110,5.0,950741520
45,260,5.0,950726388
45,296,5.0,1007483989
45,356,5.0,951170194
45,480,4.0,950740478
45,589,5.0,950726569
45,593,4.0,951756812
45,2571,5.0,950718872
46,110,5.0,834788016
46,318,4.0,834787757
46,593,5.0,834787906
47,318,4.0,1496208166
47,356,4.5,1496206696
47,593,2.0,1496205249
48,2571,5.0,1127128841
49,110,4.0,1493093005
49,318,4.0,1493089778
49,356,4.0,1493089782
49,527,4.5,1493089770
49,2571,4.5,1493093047
50,296,4.0,1500573696
50,318,3.5,1514237959
50,356,3.0,1514238146
50,593,3.5,1514237974
50,2571,2.5,1514237967
51,260,5.0,1230931614
51,527,3.0,1230929292
51,589,5.0,1230929287
51,593,5.0,1230931534
52,260,4.0,1468051102
52,318,5.0,1468051091
52,356,5.0,1468051518
52,2571,5.0,1468051094
54,110,3.0,830247832
54,296,3.0,830247106
54,318,4.0,830247358
54,356,4.0,839921027
54,480,3.0,839921084
54,589,3.0,839921161
54,593,4.0,839920981
56,110,4.0,835799188
56,296,4.0,835799034
56,318,4.0,835799115
56,356,5.0,835799274
56,480,5.0,835799295
56,589,4.0,835799330
56,593,5.0,835799139
57,110,4.0,965799491
57,260,5.0,965798203
57,296,3.0,972172502
57,356,4.0,965795650
57,480,5.0,965798332
57,527,5.0,965799430
57,589,4.0,965798703
57,593,5.0,965796656
57,2571,5.0,965796810
58,110,5.0,847718580
58,296,5.0,847718380
58,318,5.0,847718544
58,356,4.0,847718461
58,480,4.0,847718544
58,527,5.0,847718718
58,589,4.0,847718617
59,110,2.0,953609098
59,260,4.0,953610660
59,480,3.0,953609415
59,527,5.0,953609857
59,589,4.0,953609167
59,593,5.0,953610203
59,2571,1.0,953609098
60,318,4.0,1393542053
60,527,5.0,1393542064
61,318,5.0,1145532707
61,593,4.0,1145532720
62,110,4.5,1521822303
62,260,4.5,1521488893
62,296,4.5,1521488575
62,318,4.0,1521488565
62,356,5.0,1521822306
62,527,4.5,1521488569
62,593,5.0,1521488571
62,2571,5.0,1521489407
63,110,2.5,1443199850
63,260,5.0,1443199688
63,296,5.0,1443201070
63,318,5.0,1443199751
63,356,3.5,1443199681
63,480,2.5,1443199679
63,527,4.0,1443199764
63,589,4.0,1443199783
63,2571,3.5,1443199667
64,110,4.0,1161520230
64,260,3.5,1161520007
64,296,4.5,1161520143
64,318,5.0,1161520540
64,356,4.0,1161520004
64,480,4.0,1161520140
64,527,5.0,1161520178
64,589,4.0,1161520454
64,593,5.0,1161520116
64,2571,4.0,1161519966
65,318,4.0,1494767049
65,527,4.0,1494767109
66,110,5.0,1093747481
66,260,2.5,1093747550
66,296,5.0,1093747506
66,318,4.5,1093747397
66,356,5.0,1093747854
66,480,3.0,1104643911
66,589,4.0,1104643949
66,593,4.0,1093747465
66,2571,5.0,1093747372
67,296,4.5,1501273753
67,318,4.5,1501274024
67,356,4.5,1501274064
67,589,3.5,1501273841
67,2571,4.5,1501273541
68,110,2.5,1158531496
68,260,5.0,1158531191
68,296,2.0,1180916156
68,318,3.0,1158531293
68,356,3.5,1158531181
68,480,3.5,1158531200
68,527,4.0,1305861414
68,589,3.5,1158531164
68,593,3.5,1158531247
68,2571,4.5,1158531187
69,260,5.0,1021643144
69,296,5.0,1021644176
69,318,5.0,1021646944
69,356,4.0,1021643709
69,589,4.0,1021643884
69,593,5.0,1021646944
69,2571,5.0,1021643884
70,318,4.5,1355185390
70,356,4.0,1355198377
70,527,5.0,1355198357
71,260,3.0,864737969
71,589,3.0,864739946
72,110,4.5,1217324791
72,260,5.0,1217324775
72,296,4.5,1217324757
72,318,5.0,1217324771
72,356,4.0,1217324762
72,527,4.5,1217324706
72,589,4.5,1217324801
72,593,4.5,1217324766
72,2571,5.0,1217324848
73,260,2.0,1464196535
74,296,5.0,1207499596
75,260,5.0,1158989756
75,589,4.5,1158989827
75,2571,1.0,1158967564
76,260,4.0,1439165601
76,296,4.5,1439165672
76,318,3.0,1439165638
76,356,1.0,1439165536
76,480,2.0,1439168176
76,589,3.5,1439168185
76,593,3.5,1439165545
76,2571,4.0,1439165565
77,260,5.0,1535107459
77,2571,5.0,1535107478
78,260,3.5,1252575114
78,296,4.0,1252574962
78,318,4.5,1252575010
78,356,3.0,1252575107
78,480,4.0,1252574995
78,589,4.5,1252574790
78,593,3.0,1252575111
78,2571,4.5,1252575194
79,260,5.0,975281842
79,480,5.0,975282070
79,589,5.0,975282037
79,2571,4.0,975281874
80,318,5.0,1377308028
80,593,5.0,1377473779
80,2571,4.5,1377308089
81,110,3.0,845299756
81,296,3.0,845299424
81,318,3.0,845299677
81,356,2.0,845299676
81,480,4.0,845299676
81,589,5.0,845299844
82,110,4.5,1084467714
82,260,3.5,1084463958
82,356,4.5,1084467704
82,480,4.0,1084467706
82,589,4.5,1084467724
82,2571,4.0,1084467856
83,110,4.0,1332840449
83,318,5.0,1332839665
83,356,4.5,1332840553
83,480,3.0,1333843543
84,260,4.0,857653693
84,296,4.0,857653593
84,318,5.0,857653594
84,356,5.0,857653593
84,480,3.0,858771971
84,527,5.0,857653594
84,593,5.0,857653593
85,527,5.0,889467704
86,260,4.5,1344082545
86,318,4.5,1343945158
86,356,4.0,1344083260
86,480,3.0,1344083054
86,2571,4.5,1344082935
88,318,5.0,1331421326
88,527,4.0,1331421334
89,356,0.5,1520408275
90,260,5.0,856354072
91,110,4.0,1112712339
91,260,4.5,1112712846
91,296,4.5,1112711264
91,318,2.0,1112712135
91,356,3.0,1112711237
91,480,4.5,1112713195
91,589,4.0,1112711446
91,593,4.5,1112712144
91,2571,5.0,1112712839
93,110,5.0,942947377
93,260,5.0,942946932
93,318,4.0,942947205
93,356,5.0,942766907
93,480,5.0,942946013
93,527,5.0,942947205
93,593,5.0,942947265
94,110,5.0,843406748
94,296,4.0,843406616
94,318,5.0,843406707
94,356,3.0,843406707
94,480,4.0,843406732
94,589,4.0,843406765
94,593,3.0,843406685
95,260,5.0,1043340455
95,480,3.5,1105400942
95,589,4.0,1043340485
95,2571,5.0,1043340455
96,110,5.0,964772750
96,260,5.0,964772681
96,296,5.0,964772972
96,480,5.0,964772778
96,527,5.0,964772956
96,589,5.0,964772731
96,2571,4.0,964772731
97,593,5.0,1043382047
97,2571,5.0,1047481450
98,356,5.0,1532457441
98,593,4.5,1532457756
99,296,5.0,829828006
99,318,5.0,829828006
100,296,3.5,1100184820
100,356,4.0,1100184829
102,296,5.0,835875691
102,318,4.0,835875836
102,356,5.0,835876195
102,480,3.0,835876239
102,589,4.0,835876272
102,593,4.0,835875943
103,110,4.5,1431957016
103,260,4.0,1431954922
103,296,5.0,1431954439
103,318,5.0,1431954380
103,356,4.0,1431954248
103,480,4.0,1431954240
103,527,3.5,1431954472
103,593,5.0,1431954229
103,2571,4.0,1431954260
104,110,1.0,1090595910
104,260,3.0,1049044730
104,356,4.0,1048586269
104,527,4.5,1053336374
105,110,3.5,1446571835
105,260,4.0,1446572093
105,296,5.0,1446571768
105,318,5.0,1446571534
105,356,3.5,1446572081
105,527,3.5,1446571560
105,589,4.0,1446571832
105,593,4.5,1446571795
105,2571,4.0,1446571567
106,318,5.0,1489498472
106,2571,5.0,1467360688
107,110,5.0,832003811
107,296,3.0,832003609
107,318,5.0,832003644
108,480,4.0,1042838912
108,2571,5.0,1042840183
109,110,5.0,841106621
109,296,5.0,841106309
109,318,5.0,841106509
109,356,5.0,841106550
109,480,3.0,841106621
109,527,3.0,841107643
109,589,3.0,841107487
109,593,4.0,841106453
110,110,3.5,1175329878
110,296,4.5,1175330118
110,527,4.0,1175330162
110,2571,4.0,1175330041
111,318,4.5,1518640631
111,356,5.0,1516140793
111,480,2.5,1516140723
111,593,0.5,1516140707
111,2571,0.5,1516140656
112,110,3.5,1442535826
112,260,5.0,1442535777
112,356,3.5,1442535627
112,480,5.0,1442535631
112,593,4.0,1442535629
112,2571,5.0,1442535637
113,260,4.0,980087884
113,356,4.0,980051894
113,593,4.0,980051263
114,260,3.5,1485387458
114,593,3.0,1485387708
115,110,3.0,958574203
115,260,5.0,959800922
115,296,5.0,944954937
115,480,5.0,944953733
115,589,5.0,958574098
115,593,5.0,966978103
115,2571,3.0,955845509
116,356,4.0,1337199672
116,480,4.0,1337199676
116,527,2.0,1337199734
116,589,4.0,1337199708
116,593,2.0,1337199284
117,110,5.0,844162850
117,296,4.0,844162744
117,318,5.0,844162811
117,356,4.0,844162810
117,480,4.0,844162832
117,527,5.0,844162933
117,589,4.0,844162870
117,593,5.0,844162770
118,296,4.0,944924487
118,527,4.0,944923926
119,296,4.0,1436563596
119,318,4.5,1468432386
119,356,4.0,1435942470
119,2571,4.0,1435942472
120,260,5.0,860070065
121,110,4.0,847655980
121,296,4.0,847655899
121,318,5.0,847655960
121,356,4.0,847655945
121,527,3.0,847656045
122,260,5.0,1461561351
122,296,5.0,1461561354
122,318,5.0,1461561133
122,356,5.0,1461561332
122,480,4.0,1461561380
122,589,5.0,1461561440
122,593,5.0,1461561148
122,2571,5.0,1461561331
123,260,4.5,1447269141
123,296,4.0,1447291797
123,318,4.0,1447269105
123,593,4.0,1447291739
123,2571,4.0,1447269089
124,110,3.5,1336584326
124,260,4.0,1336423436
124,296,4.5,1336423393
124,318,4.5,1336412895
124,356,5.0,1336423402
124,480,3.5,1336423441
124,593,4.0,1336423449
125,110,4.5,1474311613
125,296,4.5,1474141538
125,318,4.0,1474141490
125,356,5.0,1474142139
125,589,4.0,1474289503
125,593,4.0,1474296735
125,2571,5.0,1474141548
126,110,4.0,845925785
126,296,1.0,845925577
126,318,5.0,845925690
126,356,4.0,845925690
126,480,3.0,845925690
126,589,3.0,845925822
126,593,3.0,845925615
128,110,5.0,899032847
128,260,5.0,899033269
128,593,5.0,899032763
129,110,4.0,1167375621
129,260,4.0,1167375413
129,480,3.5,1167375959
129,2571,4.5,1167375624
130,110,5.0,832589660
130,296,4.0,832589516
130,318,5.0,832589583
131,110,2.5,1349840503
131,260,2.5,1349840250
131,296,4.0,1349840345
131,318,4.0,1349840163
131,356,3.0,1349840626
131,593,4.0,1349840279
131,2571,3.0,1349840252
132,260,2.0,1157920586
132,296,4.0,1329983943
132,318,4.5,1329983827
132,356,4.0,1157920481
132,593,3.5,1329983852
132,2571,4.5,1157920630
133,110,3.0,843491209
133,296,3.0,843490780
133,318,4.0,843490980
133,356,4.0,843490980
133,480,3.0,843491209
133,527,4.0,843491514
133,589,3.0,843491249
133,593,3.0,843490862
134,110,5.0,832841168
134,296,4.0,832840929
134,593,5.0,832841244
135,110,4.0,1009692826
135,260,4.0,1009693267
135,296,4.0,1009693583
135,318,5.0,1009693583
135,480,5.0,1009692855
135,527,5.0,1009690817
135,589,4.0,1009691144
135,593,5.0,1009691122
135,2571,5.0,1009691144
136,110,5.0,832449274
136,296,1.0,832449136
136,593,3.0,832449522
137,110,4.0,1204859490
137,260,4.0,1204859469
137,296,3.0,1204859460
137,318,3.5,1204859137
137,356,3.5,1204859455
137,480,3.5,1204859401
137,527,3.5,1204859356
137,589,3.5,1204859360
137,593,4.0,1204859748
137,2571,4.0,1204859379
139,260,4.0,1453923975
140,110,4.0,942903980
140,260,4.0,942842304
140,296,4.0,942843185
140,318,4.0,942840891
140,356,4.0,949666898
140,480,4.0,949667008
140,527,5.0,942840891
140,593,4.0,949666792
140,2571,4.0,967048185
141,110,3.5,1513129871
141,260,4.0,1513129794
141,296,4.0,1513130625
141,318,4.0,1513129787
141,356,4.0,1513129888
141,480,3.0,1513130636
141,2571,3.5,1513129802
142,296,5.0,838931920
142,356,4.0,838932132
142,480,3.0,838934122
142,527,5.0,838932132
142,589,3.0,838933753
142,593,5.0,838932386
143,356,5.0,1444768677
144,110,4.5,1137323396
144,296,4.0,1136812638
144,356,4.0,1137323359
144,480,3.0,1137323364
144,527,3.5,1136812705
144,589,2.0,1137323405
144,593,4.5,1136812654
144,2571,4.0,1137323508
145,296,4.0,832105148
145,318,3.0,832105216
148,356,4.0,1482548476
149,260,4.0,902084798
149,480,3.0,902084966
149,589,3.0,902084874
152,260,3.0,1450867564
152,296,4.5,1450572451
152,318,3.5,1450572432
152,527,4.5,1450572434
152,593,4.5,1450572448
152,2571,4.0,1450572453
153,296,3.0,1525548640
153,356,3.5,1525548096
153,527,2.0,1525548221
153,2571,0.5,1525548255
154,356,5.0,1486297094
155,260,4.0,961889079
156,260,1.0,939842538
156,296,5.0,939884874
156,318,4.5,1106854626
156,356,3.0,1106854601
156,480,3.0,1106854606
156,593,4.0,1106854598
156,2571,3.0,1106854776
157,527,5.0,992479576
159,110,3.0,1508640168
159,296,0.5,1508640157
159,318,4.5,1508640105
159,356,4.0,1508640153
159,480,3.0,1508640163
160,110,4.0,971112675
160,260,5.0,971113925
160,296,5.0,971113194
160,356,3.0,971115856
160,480,2.0,971114075
160,527,5.0,971113259
160,589,5.0,1065992580
160,593,2.0,971113259
160,2571,4.0,971113953
161,318,5.0,1176751745
162,296,3.0,836488867
162,318,5.0,836511232
162,356,5.0,836511289
162,527,5.0,836511337
164,110,5.0,999708154
164,480,5.0,999708209
164,589,5.0,999708174
165,110,4.0,1046741213
165,480,4.0,1046741972
165,2571,4.0,1046741873
166,260,4.5,1188926253
166,296,4.5,1188774591
166,318,4.5,1188774402
166,356,4.0,1190828745
166,527,4.5,1188926239
166,593,4.0,1188774626
166,2571,4.0,1188774339
167,110,3.5,1154721971
167,260,4.0,1154721952
167,296,3.0,1154723095
167,318,5.0,1154722100
167,356,3.0,1154721979
167,480,3.5,1154722006
167,593,2.5,1154723087
168,296,4.5,1306802051
168,356,4.0,1306806571
169,318,5.0,1078284475
169,356,4.5,1059427994
169,480,4.0,1078284462
169,527,5.0,1078284493
169,2571,4.5,1078284597
170,110,4.0,840380988
170,296,2.0,840380834
170,318,5.0,840380930
170,356,4.0,840380988
170,480,3.0,840380988
170,593,4.0,840380905
171,260,4.0,866904192
171,296,5.0,866905241
171,318,5.0,866905647
171,593,5.0,866905241
172,527,4.5,1291065634
172,593,4.0,1290913671
173,110,3.0,843397958
173,296,1.0,843397856
173,356,5.0,843397925
173,480,4.0,843397944
173,527,5.0,843398045
173,589,3.0,843397975
174,296,3.0,848486904
174,356,3.0,848486943
174,480,5.0,848486962
174,527,3.0,848487075
174,589,4.0,848487003
176,110,5.0,840108930
176,296,3.0,840108527
176,318,5.0,840108793
176,589,5.0,840108684
176,593,5.0,840108739
177,260,2.5,1435524019
177,296,5.0,1435530409
177,318,5.0,1435523517
177,356,5.0,1435523542
177,480,3.5,1435533530
177,527,4.5,1435523522
177,593,5.0,1435533526
177,2571,3.0,1435523707
178,110,4.0,1164355046
178,296,4.5,1164355189
178,318,5.0,1164355198
178,356,4.5,1164354927
178,480,3.0,1164354863
178,527,4.5,1164355240
178,589,4.0,1164355211
178,593,4.5,1164354905
178,2571,4.5,1164355026
179,110,5.0,840907561
179,296,4.0,840907314
179,318,5.0,840907462
179,356,5.0,840907511
179,480,4.0,840907561
179,589,5.0,840907616
179,593,4.0,840907418
180,260,4.5,1270237876
180,2571,3.5,1270237896
181,110,3.0,845469438
181,296,2.0,845469280
181,356,5.0,845469403
181,480,5.0,845469403
181,593,3.0,845469365
182,110,3.5,1054780923
182,260,3.5,1120879576
182,296,5.0,1054781290
182,318,4.5,1055157293
182,356,5.0,1054782675
182,480,3.5,1120879567
182,527,4.0,1054781427
182,589,2.0,1066331268
182,593,4.5,1054783612
182,2571,5.0,1054779786
183,110,5.0,992331285
183,480,4.0,992331396
183,589,5.0,992331396
186,260,4.0,1031079382
186,480,4.0,1031079589
186,589,5.0,1031079431
186,593,5.0,1031073519
186,2571,3.0,1031079431
187,110,3.0,1161863869
187,260,4.0,1161849967
187,296,4.5,1161849333
187,318,3.0,1161849921
187,356,2.0,1161863877
187,527,4.0,1161872571
187,593,4.0,1161850098
187,2571,4.0,1161863977
188,356,5.0,962559856
189,318,4.0,1439465054
189,356,4.0,1439465080
189,527,4.5,1439465064
189,593,4.0,1439465116
189,2571,4.0,1439465057
190,318,4.0,1504309935
190,527,5.0,1504309938
190,2571,3.0,1504309954
191,110,3.0,829760897
191,296,5.0,829760898
191,318,4.0,829760898
192,110,3.0,835128955
192,296,3.0,835128552
192,356,5.0,835129257
192,480,5.0,835129540
192,593,3.0,835128912
193,260,5.0,1435857223
193,296,4.0,1435857247
193,318,3.5,1436558657
193,356,3.0,1435856904
193,480,2.0,1435856899
193,527,4.0,1435857242
193,593,3.5,1435856893
195,260,4.0,974707220
195,296,5.0,974709531
195,318,5.0,974709608
195,527,4.0,974706225
195,589,3.0,974705726
195,2571,3.0,974705726
196,110,3.5,1460954199
196,2571,5.0,1460954049
197,296,5.0,947461923
197,318,4.0,947462973
197,356,3.0,947461058
197,589,5.0,947462047
197,2571,5.0,947461364
198,110,3.0,1034136119
198,260,5.0,1034137711
198,296,5.0,1034135986
198,318,5.0,1034137533
198,356,5.0,1034134802
198,480,3.0,1034135628
198,589,3.0,1034136119
198,593,4.0,1034136028
198,2571,5.0,1034135489
199,260,4.0,1022970258
199,296,4.0,940372462
199,318,4.0,940372390
199,356,2.0,940372744
199,527,5.0,940372656
199,589,3.5,1057590366
199,593,4.0,940372348
199,2571,4.0,940371931
200,110,4.5,1229886082
200,260,5.0,1229886006
200,296,5.0,1229886402
200,318,5.0,1229878882
200,356,4.0,1229886266
200,480,3.5,1229885895
200,2571,5.0,1229887354
201,260,5.0,939226374
201,296,5.0,939833199
201,356,5.0,939801781
201,480,5.0,941211343
201,589,5.0,941211417
201,593,5.0,939832910
202,110,4.0,974918508
202,260,4.0,974912002
202,296,4.0,974912566
202,318,4.0,974912341
202,356,5.0,974924053
202,480,4.0,974918825
202,589,5.0,974921268
202,593,5.0,974912341
202,2571,4.0,974918563
203,110,5.0,1390094654
203,296,5.0,1390095442
203,318,4.0,1390094621
203,2571,2.5,1390094970
204,296,4.5,1327183210
204,527,4.5,1327183492
204,593,4.5,1327183499
204,2571,4.5,1327183462
205,260,4.5,1519900208
205,356,4.0,1519900230
208,110,4.0,940639310
208,589,4.0,940639452
208,2571,5.0,940638581
209,318,5.0,1524522161
209,356,4.5,1524522179
209,593,4.5,1524522197
209,2571,5.0,1524522373
210,260,5.0,1473705468
210,296,0.5,1473705619
210,589,4.0,1473882015
210,2571,5.0,1473881704
211,260,4.5,1350913284
211,296,4.5,1350913106
211,318,5.0,1350913048
211,356,4.5,1350912824
211,2571,5.0,1350913139
212,260,2.5,1505400094
212,296,3.5,1490114859
212,318,4.5,1490114697
212,356,3.5,1490114873
212,480,3.0,1490114887
212,589,4.0,1523216806
212,593,3.5,1490114708
212,2571,3.0,1490114722
213,589,5.0,1316195637
215,260,4.5,1260908665
215,296,3.5,1260909003
215,318,5.0,1260908625
215,356,3.5,1260908599
215,527,4.5,1260909026
215,593,3.0,1260908703
217,110,2.0,955935806
217,260,5.0,955941874
217,296,2.0,955942837
217,356,2.0,955943574
217,480,4.0,955941990
217,589,3.0,955935174
217,2571,3.0,955935905
219,260,5.0,1194685947
219,296,4.0,1198522553
219,318,5.0,1194685877
219,480,4.0,1194932224
219,589,4.5,1194686309
219,593,4.5,1194686039
219,2571,5.0,1194686044
220,260,5.0,1230055647
220,296,5.0,1230054991
220,318,5.0,1230054966
220,356,5.0,1230061657
220,480,5.0,1230055651
220,589,5.0,1230055442
220,2571,5.0,1230054916
221,296,5.0,1118246719
221,318,4.0,1111176249
221,356,3.5,1118247082
221,480,3.0,1118247087
221,527,3.0,1118246687
221,589,4.5,1118247104
221,593,4.0,1111176258
221,2571,2.0,1119984438
222,110,4.0,1391350258
222,296,4.0,1391350322
222,356,4.0,1391350391
222,527,3.0,1391346845
222,2571,4.0,1391350315
223,110,3.5,1226209973
223,260,3.5,1226209871
223,296,3.0,1226209786
223,318,4.5,1226209626
223,480,3.5,1226210059
223,593,2.5,1226209646
223,2571,3.5,1226209637
224,260,2.0,971812185
224,356,5.0,971812827
224,527,5.0,971812301
224,593,4.0,971812319
226,260,4.5,1095662595
226,296,4.5,1159219398
226,356,4.0,1095662582
226,480,4.0,1095662485
226,589,4.0,1095662601
226,2571,4.0,1095662426
227,110,3.5,1447209812
227,260,3.5,1447189626
227,296,4.5,1447189845
227,318,4.0,1447209693
227,356,5.0,1447209795
227,527,4.0,1447189837
227,589,3.5,1447209993
227,593,4.5,1447189848
227,2571,4.5,1447189517
228,260,4.5,1363222887
228,318,4.0,1363222965
228,2571,4.5,1363222884
229,110,5.0,836942019
229,296,5.0,836941258
229,318,5.0,836941551
229,356,4.0,836942064
229,480,3.0,838143949
229,527,4.0,838144399
229,589,5.0,836942292
229,593,4.0,836942674
230,318,3.0,1196304226
230,527,1.0,1196304688
230,589,0.5,1196304248
230,593,3.0,1196304314
231,260,4.0,1433089449
231,296,4.0,1433089540
231,527,2.0,1433089472
231,589,5.0,1433089491
231,593,4.0,1433089510
231,2571,5.0,1433089456
232,110,4.5,1182908701
232,260,4.5,1218164802
232,296,5.0,1241823280
232,318,5.0,1207513462
232,356,4.0,1076956528
232,480,3.0,1218167925
232,527,4.5,1241823096
232,589,4.0,1218165737
232,2571,4.5,1141776628
233,110,3.0,1524781255
233,296,4.0,1448816239
233,318,5.0,1448815806
233,356,5.0,1524781243
233,527,4.0,1448815873
233,593,4.5,1448816574
233,2571,4.5,1524781479
234,260,5.0,1004407958
234,480,5.0,1004407828
234,2571,5.0,1004408002
235,110,4.0,841422410
235,296,4.0,841422308
235,318,4.0,841422371
235,356,5.0,841422389
235,480,4.0,841422410
235,527,5.0,841422500
235,589,4.0,841422428
235,593,5.0,841422350
237,318,4.5,1410631749
237,356,2.0,1411233529
237,2571,4.0,1410632179
238,593,3.0,1007930943
239,110,4.5,1221148034
239,260,5.0,1221148002
239,296,5.0,1221158165
239,318,5.0,1221158260
239,356,5.0,1221158139
239,480,4.0,1221158148
239,589,3.5,1221158171
239,593,3.5,1221158095
239,2571,5.0,1221158121
240,110,5.0,849122195
240,296,2.0,849122058
240,318,3.0,849122165
240,356,5.0,849122130
240,480,4.0,849122164
240,589,4.0,849122226
241,296,4.5,1447536332
241,318,3.5,1447536008
241,527,3.5,1447536013
241,593,4.5,1447536097
241,2571,4.0,1447536101
242,296,5.0,834073039
242,318,4.0,834073098
242,593,5.0,834073153
243,356,4.0,837155178
243,527,3.0,837155258
243,589,4.0,837155208
244,110,5.0,975075995
244,356,5.0,975076228
244,589,4.0,975090685
244,593,4.0,975073808
244,2571,4.0,975090740
246,260,5.0,1354146995
246,296,4.0,1354145949
246,356,3.5,1354126767
246,589,5.0,1354126692
246,2571,5.0,1354124998
247,110,4.0,1467644232
247,260,4.0,1467643884
247,296,4.0,1467644035
247,318,4.5,1467643895
247,356,5.0,1467644091
247,480,4.5,1467644152
247,527,4.0,1467644037
247,589,3.5,1467644318
247,593,4.0,1467644099
247,2571,3.5,1467644028
248,260,3.5,1534591638
248,2571,4.0,1534591655
249,110,5.0,1346841413
249,260,5.0,1346757993
249,296,4.0,1346757687
249,318,4.5,1346758076
249,356,4.5,1346841583
249,480,4.0,1346847728
249,527,4.5,1346758070
249,589,4.0,1346758213
249,593,4.0,1346758020
249,2571,5.0,1346757773
250,318,5.0,1121217814
251,296,5.0,1470676717
251,318,5.0,1470676650
251,356,5.0,1470677298
251,527,5.0,1470676652
251,593,5.0,1470676695
251,2571,5.0,1470676673
254,110,4.0,1180446383
254,260,4.0,1180446182
254,296,5.0,1180446396
254,318,4.5,1180446073
254,356,5.0,1180446447
254,480,4.0,1180446243
254,527,5.0,1180446502
254,589,4.0,1180446276
254,593,4.0,1180446078
254,2571,5.0,1180446172
256,260,4.0,1446579713
256,318,5.0,1446579711
256,593,4.5,1446579926
256,2571,4.5,1446579700
258,318,5.0,1534892418
258,527,4.0,1534892507
258,2571,5.0,1534892420
260,296,4.5,1109410729
261,296,5.0,1404881509
261,318,4.5,1404881240
261,356,5.0,1404881444
261,2571,4.0,1404881429
262,260,4.0,840306238
262,296,3.0,840305552
262,318,3.0,840305626
262,593,2.0,840305605
263,110,4.0,940384545
263,296,3.0,940384165
263,318,5.0,940383911
263,356,4.0,940384165
263,527,5.0,940384517
263,593,5.0,940384199
263,2571,4.0,940383549
264,110,2.5,1136978677
264,356,3.5,1136978982
264,480,2.0,1136978631
264,527,4.0,1136979020
264,2571,4.5,1136979072
265,110,3.0,965316446
265,260,5.0,965314715
265,318,4.0,965316060
265,480,4.0,965314929
265,589,4.0,965314811
265,593,5.0,965316107
265,2571,5.0,965314838
266,110,5.0,945670079
266,260,4.0,945670679
266,296,5.0,945670764
266,356,4.0,945669632
266,480,4.0,945670079
266,589,4.0,945670028
266,2571,5.0,944892187
267,110,4.0,959806612
267,260,5.0,959815004
267,480,5.0,994467801
267,589,5.0,994467801
267,593,5.0,959809124
267,2571,5.0,959807483
268,260,4.0,940173779
268,356,2.0,940180694
268,2571,5.0,940172949
272,318,4.0,1532265940
272,589,3.5,1533490657
272,2571,4.0,1532265979
273,296,4.0,835798985
273,480,4.0,835861270
273,589,5.0,835861286
273,593,5.0,835799051
274,110,4.5,1171410141
274,260,3.0,1171409999
274,296,5.0,1171493995
274,318,4.5,1171409194
274,356,4.5,1171409739
274,480,3.5,1171410132
274,527,4.0,1171758666
274,589,4.5,1171409970
274,593,4.0,1171409513
274,2571,4.0,1171409506
275,260,4.0,1049078271
275,296,5.0,1049078586
275,318,4.0,1049078154
275,356,3.0,1049076587
275,480,4.0,1049076170
275,527,5.0,1049076180
275,593,5.0,1049078210
275,2571,5.0,1049078883
276,260,5.0,858350672
276,356,5.0,858351182
276,480,5.0,858351188
277,260,4.0,861812827
278,318,5.0,1193753313
278,527,5.0,1193753327
279,110,4.0,1506394381
279,260,5.0,1506394310
279,296,5.0,1506394205
279,318,4.5,1506394183
279,356,3.0,1506394494
279,480,4.0,1506395201
279,589,4.0,1506394357
279,593,4.0,1506394242
279,2571,4.5,1506394161
280,356,4.0,1350195052
282,260,4.0,1378496939
282,296,4.0,1378490071
282,318,4.5,1378498469
282,356,4.5,1378490366
282,480,4.0,1378495620
282,527,5.0,1378489627
282,589,4.5,1378490390
282,593,4.0,1378490038
282,2571,5.0,1378490023
283,110,5.0,901227664
283,318,5.0,901227554
283,356,5.0,901228020
283,593,4.0,901227415
284,110,5.0,832699616
284,296,4.0,832695048
284,318,4.0,832695208
284,356,5.0,832695327
284,480,5.0,832699656
284,589,5.0,832695327
285,296,4.0,1449625911
286,110,5.0,1119562267
286,296,5.0,1119562836
286,356,4.5,1119562840
286,527,4.0,1119562867
286,593,4.0,1119561929
286,2571,4.5,1119562496
287,110,1.5,1110230585
287,527,4.0,1110231030
288,110,5.0,975691339
288,260,5.0,976137780
288,296,5.0,978647227
288,318,5.0,976120853
288,356,5.0,976139988
288,480,2.0,975691429
288,527,5.0,976120853
288,589,4.0,976139234
288,593,5.0,976120853
288,2571,3.0,975692000
290,260,5.0,974939497
290,296,5.0,975031374
290,318,5.0,974938193
290,527,5.0,974938725
290,593,4.0,975031129
292,110,2.5,1265679516
292,260,4.0,1039914974
292,296,3.0,990062598
292,318,5.0,990062572
292,356,4.5,1219624965
292,480,4.0,973817117
292,589,4.0,973817064
292,593,3.0,1293562311
292,2571,4.0,990062164
293,593,4.0,1044870756
294,260,5.0,966633760
294,296,4.0,966597447
294,356,5.0,966595748
295,296,5.0,1320064918
295,318,5.0,1320064839
296,110,5.0,1532993855
296,296,4.5,1532993850
296,318,5.0,1532993816
296,356,5.0,1532993877
296,527,4.5,1532993820
296,2571,4.5,1532993833
297,589,3.0,900871988
297,593,4.0,900871748
298,110,3.0,1447518054
298,260,4.0,1447516841
298,296,4.5,1447584408
298,318,3.5,1447516816
298,356,3.0,1449757614
298,480,4.0,1447584809
298,589,4.0,1447584415
298,2571,4.0,1447516845
300,318,4.0,1425351440
300,356,4.0,1425351838
300,527,5.0,1425351444
300,593,4.0,1425351824
300,2571,4.0,1425351455
301,110,1.5,1211377341
301,296,4.5,1211377348
301,356,4.0,1211377360
301,480,3.0,1211377438
301,527,4.5,1211378498
301,589,0.5,1211377464
302,110,4.0,854473187
302,260,5.0,854473264
302,296,5.0,854473183
302,480,5.0,854473232
302,589,4.0,854473232
303,260,3.5,1053303081
303,480,3.5,1053303254
303,589,5.0,1053303177
303,2571,5.0,1053303064
304,110,5.0,891172978
304,260,5.0,881232527
304,296,5.0,891173194
304,318,4.0,931811802
304,356,5.0,891172881
304,480,4.0,891173581
304,527,5.0,891173070
304,589,5.0,891173460
304,593,4.0,891173825
304,2571,4.0,945958412
305,260,5.0,1460134084
305,296,5.0,1460135173
305,318,5.0,1460134079
305,356,4.5,1460135336
305,480,2.0,1490211400
305,527,5.0,1460135174
305,589,5.0,1460135760
305,593,5.0,1460135280
305,2571,5.0,1460135333
307,110,3.5,1186087165
307,260,3.5,1186160883
307,296,4.5,1186088034
307,318,4.5,1186088053
307,356,4.0,1186088040
307,480,3.5,1187383664
307,527,4.5,1186160910
307,589,2.5,1186160891
307,593,4.5,1186088046
307,2571,3.5,1189455492
308,110,1.0,1421373815
308,260,2.5,1421373674
308,318,1.0,1421373686
308,356,2.5,1421373783
308,527,1.0,1421373691
308,589,1.0,1421373786
308,2571,3.0,1421374235
309,296,3.5,1166068318
309,318,4.0,1126451992
309,527,4.0,1126451171
309,2571,4.0,1126453981
311,589,3.0,1057854702
312,110,4.0,1043177124
312,260,5.0,1043175564
312,356,4.0,1043177268
312,480,3.0,1043175580
312,527,5.0,1043177067
312,589,4.0,1043177724
312,2571,3.0,1043176620
313,260,3.0,1030474666
313,296,5.0,1030476374
313,318,3.0,1030557159
313,480,3.0,1030474778
313,589,5.0,1030474705
313,593,5.0,1030474503
313,2571,5.0,1030474684
314,110,4.0,834241459
314,260,5.0,852051195
314,296,1.0,834241286
314,318,5.0,834398253
314,356,4.0,834241426
314,480,3.0,834241459
314,527,5.0,834398802
314,589,5.0,834241492
314,593,3.0,834242030
316,2571,4.5,1111493430
317,110,5.0,1430364906
317,260,4.0,1430361444
317,296,5.0,1430361439
317,318,4.0,1430361381
317,356,5.0,1430364891
317,589,4.0,1430366011
317,593,5.0,1430361433
317,2571,4.0,1430361436
318,260,3.0,1237233430
318,296,4.5,1267471863
318,318,4.0,1443879880
318,356,4.5,1233958466
318,480,4.0,1237233405
318,527,4.0,1254132935
318,593,4.0,1266783425
318,2571,3.5,1235479423
319,110,4.5,1461351712
319,318,4.5,1461351698
319,356,4.0,1461352079
319,527,5.0,1461351622
319,2571,5.0,1461351631
321,356,5.0,843212439
321,480,4.0,843212458
321,589,3.0,843212493
321,593,4.0,843212424
322,110,3.5,1217676197
322,296,5.0,1217676115
322,318,4.0,1217675823
322,356,3.5,1217676119
322,480,3.5,1217676127
322,2571,4.0,1217677103
323,110,2.0,1422640359
323,260,4.5,1422640069
323,296,4.0,1422640352
323,318,5.0,1422640055
323,356,3.5,1422640354
323,480,3.5,1422640356
323,527,4.5,1422640057
323,2571,3.0,1422640071
325,296,5.0,1039395929
325,318,5.0,1039397072
325,356,2.0,1039395407
325,593,5.0,1039396077
326,110,5.0,1322251233
326,296,4.0,1322867713
326,318,4.5,1322252321
326,356,5.0,1322251219
326,527,4.5,1322867716
326,593,4.5,1419880470
326,2571,3.5,1419880534
327,318,4.5,1234788100
327,356,5.0,1234788851
328,110,1.0,1494207220
328,260,5.0,1494206980
328,296,5.0,1494211888
328,318,5.0,1494206963
328,356,3.0,1494207226
328,480,2.0,1494211677
328,527,5.0,1494207073
328,589,1.0,1494211122
328,2571,2.0,1494206984
329,318,2.0,1523468325
329,593,2.0,1523468340
330,110,3.5,1285904111
330,260,4.0,1285904564
330,296,4.0,1285904473
330,318,4.5,1285904529
330,356,5.0,1285904215
330,480,2.0,1285904878
330,589,3.5,1285904902
330,593,5.0,1285903848
330,2571,3.5,1285904357
331,296,5.0,1537157527
331,318,5.0,1537157510
331,593,5.0,1537157523
332,110,3.5,1352673472
332,296,4.0,1352671943
332,318,4.5,1352671754
332,356,4.5,1352671848
332,480,3.5,1352673901
332,527,4.0,1352673580
332,589,3.5,1352672321
332,593,4.5,1352672206
332,2571,5.0,1352671490
334,260,4.0,1225478632
334,296,4.0,1225478742
334,318,3.5,1225480725
334,356,4.0,1225478059
334,480,3.0,1225481568
334,589,4.0,1234629873
334,2571,4.0,1225478025
335,110,4.0,1261542354
335,296,5.0,1261542334
335,318,5.0,1261542349
335,356,4.0,1261542338
335,589,5.0,1261542367
335,593,3.5,1261542343
335,2571,5.0,1261542406
336,110,4.0,1122227307
336,296,5.0,1122227568
336,318,5.0,1120568521
336,356,4.5,1122227399
336,527,4.0,1120568509
336,589,5.0,1122227440
336,593,5.0,1122227331
336,2571,5.0,1122227310
337,110,5.0,860256119
337,260,5.0,860255830
337,318,5.0,860256159
338,296,4.5,1530148321
338,318,5.0,1530148309
338,527,5.0,1530148425
338,593,4.0,1530148318
339,296,2.5,1460868473
339,318,4.0,1460519031
339,356,4.0,1460182081
339,480,4.0,1460186748
339,527,5.0,1460519029
339,593,5.0,1460519027
340,110,5.0,848666415
340,296,4.0,848666338
340,318,5.0,848666393
340,356,3.0,848666375
340,480,5.0,848666393
340,589,4.0,848666436
341,356,3.5,1439750914
341,480,2.0,1439750926
343,260,3.0,1202060817
343,296,4.5,1202061332
343,318,4.5,1202060845
343,527,5.0,1202061421
343,593,4.5,1202060833
343,2571,5.0,1202060813
344,110,4.5,1420497375
344,260,5.0,1420495238
344,318,5.0,1420497366
344,356,5.0,1420496439
344,2571,5.0,1420495243
346,296,3.5,1125857435
346,480,2.5,1125858149
346,527,3.5,1125859184
347,110,3.0,847645690
347,356,4.0,847645635
347,480,4.0,847645664
347,589,3.0,847645719
348,260,4.5,1378850273
348,296,5.0,1378850640
348,318,5.0,1378850179
348,527,5.0,1378850186
348,593,5.0,1378850297
349,296,4.0,834750311
349,356,5.0,834750979
349,480,3.0,834751024
349,527,4.0,834751177
349,589,4.0,834751082
349,593,5.0,834750723
350,260,4.0,864940972
351,296,4.5,1325979182
351,356,4.5,1326062543
351,480,4.0,1328287926
351,593,4.5,1326028138
351,2571,4.0,1326106654
352,260,4.0,1493931941
352,296,5.0,1493931922
352,318,5.0,1493931907
352,356,5.0,1493932086
352,527,5.0,1493931921
352,593,4.0,1493931966
352,2571,4.5,1493673464
353,110,3.0,831939713
353,296,5.0,831939568
353,318,5.0,831939590
353,593,5.0,831940167
354,260,4.0,1200870112
354,296,4.5,1200870076
354,318,4.5,1200869826
354,356,4.5,1200869968
354,480,4.0,1200870194
354,527,4.0,1200869818
354,589,4.5,1200870466
354,593,4.0,1200870268
354,2571,4.0,1200870395
355,480,3.0,974965550
356,318,4.5,1229142703
356,356,4.0,1229140516
356,2571,4.0,1229142739
357,110,4.0,1348611162
357,260,4.0,1348611022
357,296,4.5,1348609971
357,318,4.0,1348610455
357,356,3.5,1348611168
357,480,4.0,1348612039
357,527,5.0,1348611147
357,589,3.5,1348611029
357,593,4.5,1348610433
359,296,4.0,1193179224
359,480,4.0,1198111978
359,527,4.5,1198112043
359,589,3.0,1198112012
359,593,4.5,1198111963
359,2571,2.5,1198112109
361,260,2.0,1204045245
361,318,3.0,1204047569
361,356,3.5,1204045204
361,527,2.5,1204047564
361,589,3.5,1204045263
361,593,2.5,1204045229
362,110,4.0,1530640073
362,260,4.5,1530640059
362,296,5.0,1530637210
362,318,4.5,1530640041
362,356,4.5,1530640048
362,589,4.0,1530637370
362,593,5.0,1530637220
362,2571,4.5,1530640053
363,260,2.0,1502584358
363,296,5.0,1502584547
363,318,4.0,1502584380
363,2571,2.5,1502584382
364,260,4.0,869443424
365,260,3.0,1488333364
365,318,4.5,1488332338
365,356,4.5,1488332884
365,593,0.5,1488332713
366,110,4.0,1445546522
366,589,4.0,1445546504
367,260,5.0,997810956
367,318,5.0,997811194
367,356,5.0,997810956
367,527,3.0,997810980
367,593,5.0,997811156
368,110,4.0,971274692
368,260,4.0,975828806
368,296,5.0,975827507
368,356,4.0,971274957
368,480,4.0,971273377
368,527,5.0,971274603
368,589,3.0,975805197
368,593,4.0,971275360
368,2571,4.0,971275431
369,260,3.5,1237082658
369,2571,4.5,1237083087
370,260,2.0,1159162949
370,296,5.0,1159161996
370,318,3.5,1159162027
370,589,4.0,1159162840
370,593,4.0,1159162622
370,2571,4.0,1159162886
371,2571,5.0,1407692313
372,110,4.0,874415284
372,260,4.0,874414749
372,296,4.0,874416907
372,318,5.0,874417242
372,356,3.0,874415126
372,527,5.0,874417241
372,589,4.0,874415666
372,593,4.0,874414916
373,110,4.0,846829968
373,296,5.0,846829840
373,318,5.0,846829926
373,356,4.0,846829926
373,480,4.0,846829926
373,527,5.0,846830055
373,589,3.0,846829968
373,593,5.0,846829884
374,110,5.0,849089153
374,296,5.0,849089035
374,318,4.0,849089125
374,356,4.0,849089103
374,480,4.0,849089125
375,318,5.0,1225314378
375,356,4.5,1225314369
376,110,3.5,1364993995
376,260,4.0,1364933330
376,356,3.5,1364993979
376,480,4.0,1364993985
376,527,4.5,1364932898
376,589,5.0,1364933317
376,2571,3.5,1364994024
378,318,4.5,1445345873
378,527,4.5,1445345874
378,593,4.5,1445345929
379,110,5.0,847397381
379,296,2.0,847397202
379,318,3.0,847397342
379,356,5.0,847397292
379,480,4.0,847397342
379,527,3.0,847397556
379,589,4.0,847397421
380,110,4.0,1493419805
380,260,5.0,1493419753
380,296,5.0,1493420341
380,318,3.0,1493419865
380,356,5.0,1493420342
380,480,5.0,1493419900
380,589,5.0,1493473853
380,593,5.0,1493473943
380,2571,4.5,1493419763
381,260,3.5,1200824545
381,318,3.5,1164383421
381,356,4.0,1278632776
381,480,4.0,1164876671
381,589,2.5,1164877216
381,2571,5.0,1164383856
382,260,5.0,1515160692
382,296,5.0,1515160642
382,318,5.0,1515160581
382,356,4.5,1515160877
382,527,5.0,1515160612
382,593,5.0,1515160658
382,2571,5.0,1515173439
384,296,5.0,996441209
384,480,4.0,993555899
385,260,4.0,865023897
385,296,4.0,834691537
385,318,5.0,834691601
385,356,4.0,834691790
385,480,4.0,834691810
385,589,5.0,834691845
385,593,3.0,834693560
386,110,3.0,842610269
386,296,5.0,842610161
386,318,3.0,842610228
386,480,2.0,842610269
386,589,3.0,842610286
386,593,4.0,842610203
387,110,3.5,1095040466
387,260,4.5,1118029794
387,296,5.0,1094876289
387,318,3.5,1117356028
387,356,4.0,1095040458
387,480,3.0,1094942988
387,589,3.5,1094877577
387,593,4.0,1094876941
387,2571,4.0,1094876701
389,260,5.0,857934308
390,110,4.0,1250339216
390,527,4.5,1250335802
390,2571,4.5,1250335723
391,110,5.0,1030945408
391,260,5.0,1032387863
391,296,5.0,1030827757
391,318,5.0,1030827712
391,356,5.0,1031030749
391,480,2.0,1030824455
391,527,5.0,1030827772
391,589,4.0,1030826859
391,593,3.0,1030824540
391,2571,5.0,1030826859
393,110,4.0,1430505977
393,589,0.5,1430505921
393,2571,5.0,1430505817
394,110,5.0,838994356
394,356,4.0,838994356
394,480,3.0,838994356
395,110,4.0,841503580
395,296,3.0,841503394
395,356,3.0,841503555
395,480,4.0,841503580
395,527,2.0,841503819
395,589,3.0,841503627
396,318,4.5,1111688621
399,110,3.0,1167220367
399,260,5.0,1167220356
399,296,5.0,1167220327
399,356,5.0,1167220295
399,480,3.0,1167220297
399,527,4.0,1167222101
399,589,2.5,1167220410
399,593,4.5,1167220350
399,2571,5.0,1167220314
400,260,5.0,1498870148
400,296,5.0,1498870341
400,318,5.0,1498870167
400,356,4.5,1498870483
400,593,5.0,1498870393
400,2571,5.0,1498870160
401,356,3.5,1514346202
402,296,5.0,849601250
402,480,4.0,849654417
402,527,4.0,849654417
402,589,5.0,849601295
402,593,5.0,849601250
403,110,5.0,1225243634
403,296,5.0,1225243673
404,110,4.0,838375832
404,296,3.0,838375694
404,318,4.0,838375745
404,356,4.0,838375832
404,480,4.0,838375864
404,527,4.0,838376343
404,593,4.0,838375784
405,110,4.0,1295913228
405,296,4.5,1295912262
405,2571,4.5,1295911712
407,260,4.0,1424349164
407,2571,5.0,1424349171
408,260,4.0,1472537293
408,318,4.5,1470901532
408,2571,4.5,1469527105
409,260,4.0,967912821
409,296,5.0,969059543
409,318,4.0,969058201
409,593,4.0,969058201
410,260,3.0,990727962
410,296,2.0,990807684
410,318,5.0,990729103
410,527,4.0,990727918
410,593,3.0,990729145
411,110,4.0,835532155
411,296,5.0,835531951
411,318,4.0,835532030
411,356,5.0,835532346
411,480,5.0,835532370
411,527,5.0,835532539
411,589,3.0,835532449
411,593,5.0,835532100
412,593,4.0,939114647
412,2571,3.0,939114573
413,296,5.0,1484439565
413,318,5.0,1484439483
413,527,5.0,1484439759
413,593,5.0,1484439762
414,110,5.0,961512475
414,260,5.0,961514667
414,296,5.0,961516693
414,318,5.0,961516613
414,356,5.0,961438609
414,480,4.0,961514893
414,527,4.0,961512311
414,589,5.0,961514698
414,593,4.0,961516659
414,2571,5.0,961514761
415,260,4.0,1382470256
415,296,5.0,1382470083
415,318,5.0,1382469950
415,356,5.0,1382470244
415,480,4.0,1382470250
415,593,5.0,1382470033
415,2571,4.5,1382470013
416,260,3.0,1187496455
416,296,4.0,1187496460
416,318,3.0,1187496720
416,356,2.5,1187496632
416,527,3.5,1187496705
416,2571,1.0,1187496634
417,296,5.0,1530156600
417,318,5.0,1529284254
417,356,4.0,1529284261
417,593,4.0,1530384935
417,2571,5.0,1529283509
418,296,4.5,1461865706
418,318,5.0,1461865563
418,356,4.0,1461865723
418,527,4.5,1465833234
418,593,4.0,1461865700
419,110,4.0,1321659432
419,296,5.0,1321659004
419,318,5.0,1321647647
419,356,4.5,1322381659
419,480,3.5,1322379808
419,527,5.0,1321659029
419,593,3.0,1321659439
419,2571,4.0,1321659031
420,296,4.0,1218041106
420,318,4.5,1218206937
420,356,4.0,1218041499
420,480,3.5,1218041865
420,527,4.5,1218041177
420,2571,4.5,1218041491
421,318,5.0,1311494696
421,527,5.0,1311494599
421,593,5.0,1311494584
422,260,5.0,986173117
422,318,5.0,986173278
423,110,4.0,1155285864
423,296,4.5,1155285837
423,318,5.0,1155285853
423,356,5.0,1155285844
423,480,5.0,1155285846
423,589,5.0,1155285869
424,296,4.5,1457842438
424,318,3.5,1457842711
424,589,2.0,1457844832
424,593,4.0,1457842433
424,2571,2.0,1457842880
425,110,4.0,1085477194
425,260,3.0,1085477202
425,296,4.0,1085477156
425,318,5.0,1085477209
425,356,5.0,1085477166
425,480,3.5,1085477172
425,527,4.0,1085477314
425,589,3.5,1085477224
425,593,4.0,1085477160
425,2571,3.5,1085477519
426,296,3.5,1451081883
426,318,3.5,1451080785
426,356,5.0,1451080995
426,480,4.0,1451081008
427,110,4.0,1053071562
427,296,4.5,1053071490
428,110,2.5,1111523269
428,260,3.5,1111523276
428,296,4.5,1111487740
428,356,3.0,1111489633
428,480,2.0,1111623775
428,589,2.5,1111489768
428,593,2.5,1111489562
428,2571,4.0,1111487912
430,318,5.0,963889362
430,356,3.0,962936094
430,2571,5.0,1057518732
432,110,4.0,1315245004
432,260,3.5,1316391483
432,296,2.5,1315244535
432,318,3.0,1315243746
432,356,4.5,1315244359
432,480,4.5,1316391434
432,527,4.5,1315243043
432,589,3.5,1316391448
432,593,4.0,1315244942
432,2571,3.5,1315244945
433,110,3.0,1506823887
433,296,5.0,1506823837
433,318,4.5,1506823818
433,527,2.5,1506823854
433,593,4.0,1506823947
434,110,4.5,1270604574
434,260,5.0,1270604737
434,296,5.0,1270603222
434,318,4.0,1270603965
434,356,4.5,1270604589
434,480,5.0,1270604612
434,527,5.0,1270604461
434,589,4.5,1271576437
434,593,4.0,1270604152
434,2571,5.0,1270603946
435,318,5.0,1366676009
436,318,4.0,833529522
436,356,4.0,833530134
436,480,3.0,833530187
436,527,5.0,833530252
436,589,4.0,833530204
436,593,3.0,833529621
437,110,4.0,859721362
437,260,5.0,859721045
437,296,5.0,859722193
437,318,5.0,859721361
437,356,3.0,859721718
437,527,5.0,859721361
438,110,4.5,1105666133
438,260,5.0,1105650450
438,318,5.0,1105649728
438,356,4.0,1105650460
438,480,4.0,1105650457
438,527,4.5,1105649740
438,589,5.0,1105649725
438,2571,5.0,1105664235
439,110,3.5,1436943893
439,318,5.0,1436943744
439,356,5.0,1436943906
439,527,4.5,1436943775
439,589,3.5,1436943901
439,2571,5.0,1436943750
441,260,5.0,1449070465
441,296,5.0,1449070650
441,527,0.5,1449070570
441,589,5.0,1449070704
441,593,4.5,1449070651
441,2571,5.0,1449070470
443,110,4.5,1501722477
443,260,4.0,1501722465
443,296,4.0,1501722467
443,318,5.0,1501722458
443,356,5.0,1501722461
443,593,3.5,1420236772
443,2571,3.5,1420236640
444,110,4.0,832670075
444,296,5.0,832668242
444,318,4.0,839310789
444,356,5.0,839310974
444,480,3.0,839310974
444,527,5.0,839311847
444,589,4.0,839311109
444,593,5.0,832672087
445,110,5.0,1454621998
445,260,5.0,1454621690
445,296,4.0,1454621792
445,356,3.0,1454622095
445,527,3.0,1454621684
445,593,4.0,1454621794
445,2571,5.0,1454621708
446,296,4.0,843839122
446,356,3.0,843839191
446,480,4.0,843839191
446,527,5.0,843839306
446,589,5.0,843839250
446,593,5.0,843839169
447,110,5.0,836960849
447,296,5.0,836960591
447,318,5.0,836960662
447,356,4.0,836960873
447,480,4.0,836960895
447,589,4.0,836961016
447,593,4.0,836960762
448,260,5.0,1019124071
448,296,5.0,1019132316
448,356,3.0,1019127614
448,480,3.0,1019124292
448,589,3.0,1019124194
448,593,5.0,1019132717
448,2571,2.0,1162753923
449,318,5.0,1053199974
449,527,4.0,1053199963
450,110,5.0,974704570
450,260,5.0,974705741
450,589,5.0,974704982
451,593,5.0,854285151
452,110,5.0,1013394732
452,260,5.0,1013394673
452,356,5.0,1019585497
452,480,4.0,1013395088
452,527,5.0,1013395772
452,589,5.0,1013394732
452,2571,5.0,1013394715
453,110,5.0,972621723
453,260,4.0,972621703
453,296,5.0,972621220
453,318,5.0,972621207
453,356,5.0,1005967028
453,480,4.0,972621826
453,527,3.0,972621207
453,589,5.0,1005967918
453,593,4.0,972621207
453,2571,5.0,972621342
454,296,4.0,1279480116
455,110,4.0,836436000
455,318,5.0,836435894
455,356,5.0,836436083
455,480,3.0,836436113
455,527,5.0,836436304
455,589,3.0,836436146
455,593,5.0,836435930
456,260,5.0,856883383
457,110,5.0,993610382
457,260,5.0,993610795
457,480,2.0,993610357
458,110,5.0,845651761
458,296,4.0,845651603
458,356,5.0,845651700
458,480,5.0,845651700
458,589,3.0,845651796
459,260,4.0,1520233064
459,2571,4.0,1520232948
460,318,5.0,1359176683
460,356,4.5,1359178245
460,2571,4.5,1359176984
461,260,0.5,1505935283
461,318,4.5,1505935213
461,356,5.0,1505935220
461,480,0.5,1505935384
461,527,3.5,1505935217
461,593,4.0,1505935264
461,2571,0.5,1505935248
462,260,4.0,1140399826
462,296,2.5,1123890816
462,318,4.0,1127101020
462,356,2.5,1127100963
462,527,1.5,1269929012
462,589,2.5,1154037648
462,593,3.5,1123891493
462,2571,0.5,1154037742
463,110,4.5,1145460295
463,296,4.0,1145460490
463,356,4.0,1145460298
463,527,4.0,1145460304
464,110,5.0,1275548911
464,260,5.0,1275548679
464,296,4.5,1275549518
464,318,5.0,1287399102
464,356,5.0,1287399078
464,480,4.0,1287399097
464,527,4.5,1287399704
464,589,5.0,1287399128
464,593,5.0,1287399083
464,2571,5.0,1275548673
465,356,5.0,959896608
465,527,5.0,959896479
465,593,5.0,959895941
465,2571,4.0,959896015
466,260,1.5,1439885060
466,318,3.0,1439885041
466,356,5.0,1439885221
466,2571,4.0,1439885067
467,527,5.0,919671539
467,593,1.0,919672054
468,110,4.0,831400500
468,296,3.0,831400406
468,318,3.0,831400444
469,110,5.0,965333863
469,260,4.0,965333666
469,296,5.0,965336630
469,318,5.0,965662055
469,480,3.0,965333973
469,527,4.0,965845606
469,589,4.0,965333794
469,593,4.0,965661952
469,2571,4.0,965335373
470,110,5.0,849075143
470,296,3.0,849074737
470,318,4.0,849075031
470,356,5.0,849074900
470,480,5.0,849075031
470,527,5.0,849075545
470,589,5.0,849075196
471,296,4.0,1496671827
471,356,3.0,1496669561
471,527,4.5,1496671869
471,2571,3.5,1496669588
472,318,5.0,1345843348
473,318,5.0,1169351447
474,110,3.0,1137180852
474,260,4.0,975173633
474,296,4.0,979179939
474,318,5.0,979179840
474,356,3.0,1100292489
474,480,4.5,1100119725
474,527,5.0,979179823
474,589,4.0,1111499815
474,593,4.5,1087831816
474,2571,4.5,1053020932
475,260,5.0,1498029369
475,589,5.0,1498031516
475,2571,4.5,1498029365
476,296,3.0,835021274
476,318,5.0,835021384
476,356,5.0,835021592
476,480,4.0,835021636
476,589,5.0,835022128
477,260,4.5,1200939628
477,296,4.5,1200939617
477,318,5.0,1200939396
477,356,5.0,1200939619
477,480,4.0,1200939622
477,527,4.5,1229452307
477,589,5.0,1200939634
477,593,5.0,1200939621
477,2571,4.0,1200939698
479,110,2.0,1039360660
479,260,4.0,1039360623
479,593,4.0,1039362375
480,110,5.0,1179160978
480,260,4.5,1179160262
480,296,4.0,1179177639
480,318,5.0,1179160238
480,356,5.0,1179161816
480,480,5.0,1179162498
480,527,5.0,1179160233
480,589,4.5,1179177674
480,593,4.5,1179160242
480,2571,5.0,1179160175
483,110,4.0,1178292986
483,260,4.5,1327276785
483,296,5.0,1178213426
483,318,5.0,1291838563
483,356,5.0,1415579192
483,480,4.0,1178293045
483,527,5.0,1415579196
483,589,4.0,1178215130
483,2571,4.5,1215548672
484,318,5.0,1342982742
484,356,5.0,1342228969
484,480,4.0,1342295969
485,110,3.0,837943384
485,356,5.0,837943384
485,593,5.0,837943320
486,110,5.0,839537186
486,296,5.0,839536920
486,318,5.0,839537113
486,356,5.0,839537017
486,480,5.0,839537220
486,589,5.0,839537220
486,593,3.0,839537094
487,260,4.0,1428574154
487,318,3.0,1428574138
487,593,2.5,1428650184
487,2571,3.0,1428574140
488,318,5.0,1112382037
488,527,5.0,1112382044
488,593,4.5,1112382730
489,110,4.5,1332772116
489,296,4.0,1333101247
489,356,4.0,1333101250
489,480,3.5,1333101257
489,589,3.5,1334170029
489,593,4.0,1333101253
489,2571,4.0,1332772362
490,296,4.0,1334940348
490,356,3.5,1324371859
490,593,4.0,1334940334
490,2571,4.0,1324371086
491,356,4.5,1522605146
492,260,4.0,863976004
493,110,5.0,1001562412
493,260,5.0,1001562629
493,589,4.0,1001562662
493,2571,5.0,1001562662
494,110,5.0,1001666439
494,260,5.0,1001666564
494,480,3.0,1000384075
494,589,5.0,1001666641
494,2571,5.0,1001666589
495,318,5.0,1458634558
495,356,4.0,1458634556
495,527,4.0,1458634561
495,2571,5.0,1458634573
497,260,2.0,1429127353
497,318,3.0,1429127139
497,593,4.0,1429127162
497,2571,2.5,1429127153
498,110,5.0,839197320
498,296,4.0,839197204
498,318,5.0,839197252
498,356,5.0,839197320
498,480,4.0,839197320
500,260,4.0,1005527309
500,356,4.0,1005527755
500,480,4.0,1005527406
502,318,5.0,1111757439
503,296,5.0,1335219269
503,318,4.0,1335219008
503,356,4.0,1335219276
503,480,3.5,1335219291
503,527,4.0,1335219018
503,593,3.5,1335219285
503,2571,4.5,1335219074
504,296,4.0,1064451554
505,593,5.0,1298780205
507,110,3.0,838964648
507,356,4.0,838964648
507,480,4.0,838964648
507,589,3.0,838964703
507,593,3.0,838964592
509,260,4.0,1435992290
509,296,3.5,1436101835
509,2571,3.5,1435993006
510,480,3.0,1141158938
510,527,3.5,1141160575
510,593,3.5,1141160570
511,318,5.0,1450093982
511,356,4.5,1450094222
511,527,5.0,1450093983
511,2571,5.0,1450093985
512,110,5.0,841449335
512,296,5.0,841449203
512,318,5.0,841449281
512,356,5.0,841449308
512,480,4.0,841449335
512,527,5.0,841449445
512,589,3.0,841449359
512,593,5.0,841449258
513,110,4.0,1159980717
513,260,5.0,1159980693
513,296,4.5,1159980578
513,318,5.0,1159980592
513,593,4.0,1159980612
514,260,5.0,1533871727
514,296,4.0,1533945044
514,356,4.0,1533871408
514,480,4.5,1533949907
514,589,4.0,1533872281
514,593,5.0,1533871755
514,2571,4.0,1533949050
515,260,5.0,1513602000
515,318,5.0,1513601957
515,356,5.0,1513601965
515,527,5.0,1513601963
516,260,5.0,994624788
516,480,4.0,994624770
517,110,1.5,1487953160
517,260,3.5,1487957618
517,318,4.0,1487952883
517,356,3.5,1487953018
517,480,1.0,1487962661
517,527,3.5,1487952885
517,593,3.0,1487953156
517,2571,2.5,1487962668
519,318,5.0,1518379626
519,356,5.0,1518380250
520,318,5.0,1326608588
520,356,3.5,1326608943
520,589,4.5,1326608959
520,2571,5.0,1326608654
522,110,4.0,1253344666
522,260,5.0,1253344662
522,296,5.0,1253343461
522,318,5.0,1253343685
522,356,3.5,1253344654
522,480,3.5,1253344659
522,2571,4.0,1253344718
523,318,5.0,1503126542
523,356,4.5,1503125976
523,527,4.5,1507987986
524,110,3.0,851608745
524,260,5.0,851609016
524,318,1.0,851608745
524,480,4.0,851608818
524,589,5.0,851608875
524,593,4.0,851608746
525,260,4.0,1476475805
525,318,4.5,1476475797
525,356,4.0,1476475949
525,480,4.0,1476476002
525,527,4.0,1476481327
525,593,3.5,1476481468
525,2571,4.0,1476475829
526,296,4.0,1502132896
526,318,4.0,1502131858
526,593,4.0,1502131895
527,260,5.0,1033173453
527,480,5.0,1033174024
527,527,1.0,1033173319
527,593,5.0,1033173303
528,110,5.0,1391736104
528,296,4.0,1391735987
528,356,5.0,1391736163
528,589,4.0,1391736600
528,593,4.0,1391735957
528,2571,5.0,1391735927
529,260,5.0,855583422
530,356,5.0,843226801
530,480,4.0,843226836
530,593,4.0,843226768
531,260,5.0,1032961819
531,480,4.0,1032961510
531,593,5.0,1032961647
532,110,5.0,1025523258
532,318,4.0,1025570372
532,480,4.0,1025523745
532,527,5.0,1025570372
532,589,4.0,1025523716
532,593,4.0,1025570401
532,2571,5.0,1025523745
533,356,5.0,1424753674
533,2571,5.0,1424753506
534,260,4.5,1459787998
534,356,4.5,1459787998
534,480,4.5,1459787998
534,593,4.0,1459787998
534,2571,4.0,1459787998
535,2571,4.0,939028910
536,110,5.0,832839862
536,356,5.0,832840319
536,480,4.0,832840352
536,527,5.0,832840391
536,589,3.0,832840384
536,593,4.0,832839896
537,318,4.0,1424137997
537,527,1.0,1424142111
537,2571,4.0,1424141086
539,318,4.0,1332474771
539,527,3.5,1332474781
540,260,5.0,1179108620
540,296,5.0,1179108599
540,589,4.5,1179108594
540,2571,4.0,1179108880
541,110,5.0,835643027
541,318,4.0,835642969
541,356,5.0,835643134
541,480,5.0,835643146
541,589,3.0,835643205
541,593,4.0,835643013
542,296,3.5,1163386827
542,318,5.0,1163387043
542,356,5.0,1163386930
542,2571,5.0,1163386800
543,356,3.0,1377069244
543,2571,5.0,1377069266
546,480,4.0,973588490
546,589,5.0,973588403
548,260,3.5,1488825015
548,356,5.0,1488825071
548,2571,5.0,1488243190
549,110,3.0,1464282652
549,260,2.0,1464282588
549,318,4.0,1464282580
549,527,1.0,1464282598
549,589,3.0,1464282651
549,2571,5.0,1464282594
550,318,4.5,1488629928
550,356,4.0,1488629938
550,2571,4.5,1488629924
551,110,3.5,1504317349
551,260,3.5,1505548034
551,296,3.5,1504925815
551,318,4.0,1504316369
551,356,4.5,1504317304
551,589,4.0,1504925901
551,593,4.5,1504321002
551,2571,4.0,1504316393
552,296,4.0,1111473067
552,356,4.0,1111473075
552,527,4.0,1112151215
552,2571,4.5,1112151193
553,296,5.0,1219557512
553,2571,3.5,1230773369
554,527,5.0,944901744
554,593,5.0,944902412
554,2571,5.0,944899185
555,110,5.0,978840250
555,260,5.0,978841221
555,296,4.0,978840045
555,318,5.0,978840009
555,356,5.0,978746471
555,480,4.0,978744519
555,589,5.0,978841345
555,593,5.0,978747817
555,2571,5.0,978840128
557,260,3.0,1452797284
557,318,4.5,1452797268
557,527,4.0,1452797283
557,2571,4.5,1452797277
558,296,3.0,1035415412
558,593,4.0,1035415332
559,110,4.0,845475880
559,260,5.0,865095758
559,296,3.0,845475789
559,318,5.0,845475863
559,356,4.0,845475863
559,480,5.0,845475863
559,589,4.0,845475917
560,110,4.0,1469652439
560,260,4.0,1469647797
560,296,4.0,1469647859
560,356,3.5,1469647891
560,589,3.0,1469652670
560,593,4.0,1469647247
560,2571,4.5,1469647800
561,110,5.0,1491090875
561,260,4.5,1491090699
561,296,4.5,1491092060
561,318,5.0,1491090705
561,356,4.0,1491094623
561,480,4.5,1491092073
561,527,4.0,1491094602
561,589,4.0,1491090844
561,593,4.0,1491090874
561,2571,4.0,1491090825
562,110,4.0,1368893870
562,296,5.0,1368894104
562,318,5.0,1368892201
562,356,5.0,1368893853
562,527,4.5,1368892205
562,589,4.5,1368894027
562,593,5.0,1368892330
562,2571,5.0,1368892301
563,356,4.0,1439932401
564,318,3.0,1478451708
564,356,3.0,1478453684
565,296,5.0,846533209
565,318,4.0,846533292
565,356,4.0,846533292
565,527,5.0,846533428
566,110,5.0,849005345
566,296,4.0,849005100
566,318,5.0,849005292
566,356,5.0,849005256
566,480,4.0,849005292
566,527,5.0,849005642
567,260,2.0,1525288368
567,356,3.0,1525287534
567,480,2.0,1525288258
568,296,4.5,1253767257
568,356,5.0,1253767272
568,480,3.0,1253767289
568,593,5.0,1253767280
569,296,5.0,849190587
569,356,3.0,849190633
569,480,4.0,849190653
570,110,3.5,1181476971
570,260,3.5,1181476632
570,318,4.0,1181476497
570,356,4.0,1181478668
570,527,4.5,1181477018
570,589,4.0,1181476984
570,2571,4.5,1181477188
572,260,5.0,945888912
572,318,5.0,945889361
572,356,4.0,946482678
572,480,4.0,945888702
572,527,5.0,945889382
572,593,4.0,945886790
573,110,5.0,1186589227
573,260,5.0,1186589669
573,296,5.0,1186589250
573,318,4.5,1299222415
573,356,4.5,1186589781
573,480,5.0,1186722173
573,589,5.0,1186722180
573,593,4.5,1248842982
573,2571,5.0,1186589585
574,110,5.0,834634504
574,296,3.0,834634383
574,318,5.0,834634443
574,593,5.0,834634504
575,296,5.0,926510724
575,2571,4.0,926510261
577,110,4.0,945966190
577,260,5.0,945965658
577,318,5.0,945966689
577,356,5.0,945966456
577,480,5.0,945967458
577,527,5.0,945966109
577,593,4.0,945966689
579,110,5.0,958881746
579,356,5.0,958879296
579,480,4.0,958881789
579,527,5.0,958880791
579,2571,5.0,958881789
580,110,4.5,1167789859
580,260,4.0,1167860858
580,296,5.0,1167789886
580,318,5.0,1167673438
580,356,4.0,1167789921
580,480,4.0,1167791767
580,527,3.0,1167790845
580,589,4.0,1167790721
580,593,4.5,1167790851
580,2571,5.0,1167783678
581,318,5.0,1447007073
581,356,4.5,1447007134
581,527,5.0,1447007076
581,2571,3.5,1447007088
582,260,4.0,1446792609
582,593,4.0,1463474228
582,2571,5.0,1446792623
583,296,4.0,1481474161
583,356,4.0,1481474148
583,593,2.5,1481474404
584,110,5.0,834987672
584,296,3.0,834987020
584,356,5.0,834987866
584,480,5.0,834987890
584,589,5.0,834987989
584,593,4.0,834987643
585,296,5.0,1307418531
586,110,5.0,1529899907
586,260,4.5,1529899127
586,318,5.0,1529899248
586,527,2.5,1529899262
586,589,5.0,1529899916
586,2571,5.0,1529899309
587,296,5.0,953141880
587,356,4.0,953138612
587,2571,4.0,953141652
588,110,5.0,839316241
588,296,5.0,839316050
588,318,5.0,839316184
588,356,3.0,839316241
588,480,3.0,839316241
588,527,4.0,839316637
588,589,3.0,839316350
588,593,5.0,839316145
589,296,5.0,856045408
589,318,5.0,856043369
589,356,5.0,856043369
589,527,5.0,856043304
589,593,5.0,856045407
590,110,4.0,1258420384
590,260,5.0,1258416665
590,296,4.5,1258420369
590,318,4.5,1258416487
590,356,5.0,1258416659
590,480,4.0,1258420379
590,527,5.0,1258416466
590,589,4.5,1258416631
590,593,3.5,1258420374
590,2571,4.0,1258419539
591,260,5.0,970524685
591,356,4.0,970524486
591,2571,5.0,970524610
592,110,5.0,837349998
592,296,4.0,837349829
592,318,4.0,837349901
592,356,5.0,837350034
592,480,5.0,837350083
592,589,5.0,837350111
592,593,5.0,837349925
593,110,3.0,1181007627
593,260,5.0,1181007473
593,318,4.5,1181007485
593,356,4.0,1181007781
593,527,3.5,1181007696
593,593,4.0,1181007635
593,2571,2.5,1181008043
594,110,5.0,1109036538
594,480,5.0,1109036565
594,589,5.0,1109036592
594,593,5.0,1109036554
594,2571,5.0,1109036795
596,260,4.0,1535627138
596,356,3.5,1535709659
596,527,4.0,1535827023
596,589,3.0,1535709683
596,593,4.0,1535709555
596,2571,4.0,1535709487
597,110,5.0,940420585
597,260,5.0,940420585
597,356,5.0,941557913
597,480,5.0,940421094
597,589,5.0,940421094
598,593,0.5,1430616982
599,110,3.5,1498501202
599,260,5.0,1498533468
599,296,5.0,1498456867
599,318,4.0,1498498867
599,356,3.5,1498797749
599,480,4.0,1498498722
599,589,4.5,1498459510
599,593,3.0,1498519279
599,2571,5.0,1519029461
600,110,2.0,1237759135
600,260,4.0,1237714798
600,296,4.5,1237712505
600,318,3.5,1237714787
600,356,4.0,1237852400
600,480,3.0,1237850755
600,527,3.0,1237857081
600,589,3.0,1237859381
600,593,4.0,1237858985
600,2571,3.0,1237712912
601,318,5.0,1441639169
601,527,5.0,1441639169
601,2571,5.0,1441639169
602,110,5.0,840875647
602,260,5.0,840875999
602,296,5.0,840875508
602,318,5.0,840875594
602,356,3.0,840875622
602,480,4.0,840875647
602,527,5.0,840875779
602,589,5.0,840875667
602,593,5.0,840875558
603,110,1.0,963177645
603,260,4.0,953926816
603,296,5.0,953925131
603,356,3.0,953926642
603,527,3.0,953925102
603,593,5.0,963179273
603,2571,5.0,963177606
604,110,3.0,832079938
604,296,5.0,832079767
604,593,5.0,832080562
605,110,3.0,1277097540
605,260,5.0,1277097531
605,296,2.0,1277097498
605,356,3.0,1277097509
605,480,3.0,1277097520
605,589,3.5,1277097552
606,110,3.5,1172969333
606,260,4.5,1171324078
606,296,5.0,1171231349
606,318,3.5,1171927228
606,356,4.0,1171231370
606,480,2.5,1173644082
606,527,5.0,1171231423
606,589,3.5,1171325855
606,593,4.5,1171231373
606,2571,5.0,1171325929
607,110,5.0,963078901
607,260,3.0,963078880
607,296,3.0,963079311
607,318,5.0,963080679
607,480,4.0,963080125
607,527,5.0,963079311
607,589,4.0,963078960
607,593,5.0,964743922
607,2571,5.0,963080047
608,110,4.0,1117162428
608,260,3.5,1117162625
608,296,5.0,1117162592
608,318,4.5,1147210910
608,356,3.0,1117162603
608,480,3.0,1117162606
608,527,4.0,1117415161
608,589,3.0,1117415154
608,593,4.0,1117162597
608,2571,5.0,1117162423
609,110,3.0,847220990
609,296,4.0,847220802
609,318,4.0,847220907
609,356,4.0,847220869
609,480,3.0,847220907
609,589,3.0,847220990
610,110,4.5,1479545829
610,260,5.0,1479543007
610,296,5.0,1479545817
610,318,3.0,1479541963
610,356,3.0,1493844769
610,480,5.0,1479545821
610,527,3.5,1479545826
610,589,5.0,1479542983
610,593,4.5,1479545819
610,2571,5.0,1479545822
